{
  "settings": {
    "#": "The public version number of the library.",
    "version": {
      "major": 0,
      "minor": 5,
      "micro": 0,
      "build": 0
    }
  },
  "filegroups": [
    {
      "name": "grpc++_base",
      "public_headers": [
        "include/grpc++/async_generic_service.h",
        "include/grpc++/async_unary_call.h",
        "include/grpc++/byte_buffer.h",
        "include/grpc++/channel_arguments.h",
        "include/grpc++/channel_interface.h",
        "include/grpc++/client_context.h",
        "include/grpc++/completion_queue.h",
        "include/grpc++/config.h",
        "include/grpc++/create_channel.h",
        "include/grpc++/credentials.h",
        "include/grpc++/impl/call.h",
        "include/grpc++/impl/client_unary_call.h",
        "include/grpc++/impl/internal_stub.h",
        "include/grpc++/impl/rpc_method.h",
        "include/grpc++/impl/rpc_service_method.h",
        "include/grpc++/impl/service_type.h",
        "include/grpc++/server.h",
        "include/grpc++/server_builder.h",
        "include/grpc++/server_context.h",
        "include/grpc++/server_credentials.h",
        "include/grpc++/slice.h",
        "include/grpc++/status.h",
        "include/grpc++/status_code_enum.h",
        "include/grpc++/stream.h",
        "include/grpc++/thread_pool_interface.h"
      ],
      "headers": [
        "src/cpp/client/channel.h",
        "src/cpp/proto/proto_utils.h",
        "src/cpp/server/thread_pool.h",
        "src/cpp/util/time.h"
      ],
      "src": [
        "src/cpp/client/channel.cc",
        "src/cpp/client/channel_arguments.cc",
        "src/cpp/client/client_context.cc",
        "src/cpp/client/client_unary_call.cc",
        "src/cpp/client/create_channel.cc",
        "src/cpp/client/credentials.cc",
        "src/cpp/client/insecure_credentials.cc",
        "src/cpp/client/internal_stub.cc",
        "src/cpp/common/call.cc",
        "src/cpp/common/completion_queue.cc",
        "src/cpp/common/rpc_method.cc",
        "src/cpp/proto/proto_utils.cc",
        "src/cpp/server/async_generic_service.cc",
        "src/cpp/server/insecure_server_credentials.cc",
        "src/cpp/server/server.cc",
        "src/cpp/server/server_builder.cc",
        "src/cpp/server/server_context.cc",
        "src/cpp/server/server_credentials.cc",
        "src/cpp/server/thread_pool.cc",
        "src/cpp/util/byte_buffer.cc",
        "src/cpp/util/slice.cc",
        "src/cpp/util/status.cc",
        "src/cpp/util/time.cc"
      ]
    },
    {
      "name": "grpc_base",
      "public_headers": [
        "include/grpc/byte_buffer.h",
        "include/grpc/byte_buffer_reader.h",
        "include/grpc/grpc.h",
        "include/grpc/status.h"
      ],
      "headers": [
        "src/core/channel/census_filter.h",
        "src/core/channel/channel_args.h",
        "src/core/channel/channel_stack.h",
        "src/core/channel/child_channel.h",
        "src/core/channel/client_channel.h",
        "src/core/channel/client_setup.h",
        "src/core/channel/connected_channel.h",
        "src/core/channel/http_client_filter.h",
        "src/core/channel/http_filter.h",
        "src/core/channel/http_server_filter.h",
        "src/core/channel/metadata_buffer.h",
        "src/core/channel/noop_filter.h",
        "src/core/compression/algorithm.h",
        "src/core/compression/message_compress.h",
        "src/core/debug/trace.h",
        "src/core/iomgr/alarm.h",
        "src/core/iomgr/alarm_heap.h",
        "src/core/iomgr/alarm_internal.h",
        "src/core/iomgr/endpoint.h",
        "src/core/iomgr/endpoint_pair.h",
        "src/core/iomgr/fd_posix.h",
        "src/core/iomgr/iocp_windows.h",
        "src/core/iomgr/iomgr.h",
        "src/core/iomgr/iomgr_internal.h",
        "src/core/iomgr/iomgr_posix.h",
        "src/core/iomgr/pollset.h",
        "src/core/iomgr/pollset_kick.h",
        "src/core/iomgr/pollset_kick_posix.h",
        "src/core/iomgr/pollset_kick_windows.h",
        "src/core/iomgr/pollset_posix.h",
        "src/core/iomgr/pollset_windows.h",
        "src/core/iomgr/resolve_address.h",
        "src/core/iomgr/sockaddr.h",
        "src/core/iomgr/sockaddr_posix.h",
        "src/core/iomgr/sockaddr_utils.h",
        "src/core/iomgr/sockaddr_win32.h",
        "src/core/iomgr/socket_utils_posix.h",
        "src/core/iomgr/socket_windows.h",
        "src/core/iomgr/tcp_client.h",
        "src/core/iomgr/tcp_posix.h",
        "src/core/iomgr/tcp_server.h",
        "src/core/iomgr/tcp_windows.h",
        "src/core/iomgr/time_averaged_stats.h",
        "src/core/iomgr/wakeup_fd_pipe.h",
        "src/core/iomgr/wakeup_fd_posix.h",
        "src/core/json/json.h",
        "src/core/json/json_common.h",
        "src/core/json/json_reader.h",
        "src/core/json/json_writer.h",
        "src/core/statistics/census_interface.h",
        "src/core/statistics/census_log.h",
        "src/core/statistics/census_rpc_stats.h",
        "src/core/statistics/census_tracing.h",
        "src/core/statistics/hash_table.h",
        "src/core/statistics/window_stats.h",
        "src/core/surface/byte_buffer_queue.h",
        "src/core/surface/call.h",
        "src/core/surface/channel.h",
        "src/core/surface/client.h",
        "src/core/surface/completion_queue.h",
        "src/core/surface/event_string.h",
        "src/core/surface/init.h",
        "src/core/surface/server.h",
        "src/core/surface/surface_trace.h",
        "src/core/transport/chttp2/bin_encoder.h",
        "src/core/transport/chttp2/frame.h",
        "src/core/transport/chttp2/frame_data.h",
        "src/core/transport/chttp2/frame_goaway.h",
        "src/core/transport/chttp2/frame_ping.h",
        "src/core/transport/chttp2/frame_rst_stream.h",
        "src/core/transport/chttp2/frame_settings.h",
        "src/core/transport/chttp2/frame_window_update.h",
        "src/core/transport/chttp2/hpack_parser.h",
        "src/core/transport/chttp2/hpack_table.h",
        "src/core/transport/chttp2/http2_errors.h",
        "src/core/transport/chttp2/huffsyms.h",
        "src/core/transport/chttp2/status_conversion.h",
        "src/core/transport/chttp2/stream_encoder.h",
        "src/core/transport/chttp2/stream_map.h",
        "src/core/transport/chttp2/timeout_encoding.h",
        "src/core/transport/chttp2/varint.h",
        "src/core/transport/chttp2_transport.h",
        "src/core/transport/metadata.h",
        "src/core/transport/stream_op.h",
        "src/core/transport/transport.h",
        "src/core/transport/transport_impl.h"
      ],
      "src": [
        "src/core/channel/call_op_string.c",
        "src/core/channel/census_filter.c",
        "src/core/channel/channel_args.c",
        "src/core/channel/channel_stack.c",
        "src/core/channel/child_channel.c",
        "src/core/channel/client_channel.c",
        "src/core/channel/client_setup.c",
        "src/core/channel/connected_channel.c",
        "src/core/channel/http_client_filter.c",
        "src/core/channel/http_filter.c",
        "src/core/channel/http_server_filter.c",
        "src/core/channel/metadata_buffer.c",
        "src/core/channel/noop_filter.c",
        "src/core/compression/algorithm.c",
        "src/core/compression/message_compress.c",
        "src/core/debug/trace.c",
        "src/core/iomgr/alarm.c",
        "src/core/iomgr/alarm_heap.c",
        "src/core/iomgr/endpoint.c",
        "src/core/iomgr/endpoint_pair_posix.c",
        "src/core/iomgr/fd_posix.c",
        "src/core/iomgr/iocp_windows.c",
        "src/core/iomgr/iomgr.c",
        "src/core/iomgr/iomgr_posix.c",
        "src/core/iomgr/iomgr_windows.c",
        "src/core/iomgr/pollset_kick.c",
        "src/core/iomgr/pollset_multipoller_with_epoll.c",
        "src/core/iomgr/pollset_multipoller_with_poll_posix.c",
        "src/core/iomgr/pollset_posix.c",
        "src/core/iomgr/pollset_windows.c",
        "src/core/iomgr/resolve_address_posix.c",
        "src/core/iomgr/resolve_address_windows.c",
        "src/core/iomgr/sockaddr_utils.c",
        "src/core/iomgr/socket_utils_common_posix.c",
        "src/core/iomgr/socket_utils_linux.c",
        "src/core/iomgr/socket_utils_posix.c",
        "src/core/iomgr/socket_windows.c",
        "src/core/iomgr/tcp_client_posix.c",
        "src/core/iomgr/tcp_client_windows.c",
        "src/core/iomgr/tcp_posix.c",
        "src/core/iomgr/tcp_server_posix.c",
        "src/core/iomgr/tcp_server_windows.c",
        "src/core/iomgr/tcp_windows.c",
        "src/core/iomgr/time_averaged_stats.c",
        "src/core/iomgr/wakeup_fd_eventfd.c",
        "src/core/iomgr/wakeup_fd_nospecial.c",
        "src/core/iomgr/wakeup_fd_pipe.c",
        "src/core/iomgr/wakeup_fd_posix.c",
        "src/core/json/json.c",
        "src/core/json/json_reader.c",
        "src/core/json/json_string.c",
        "src/core/json/json_writer.c",
        "src/core/statistics/census_init.c",
        "src/core/statistics/census_log.c",
        "src/core/statistics/census_rpc_stats.c",
        "src/core/statistics/census_tracing.c",
        "src/core/statistics/hash_table.c",
        "src/core/statistics/window_stats.c",
        "src/core/surface/byte_buffer.c",
        "src/core/surface/byte_buffer_queue.c",
        "src/core/surface/byte_buffer_reader.c",
        "src/core/surface/call.c",
        "src/core/surface/call_details.c",
        "src/core/surface/channel.c",
        "src/core/surface/channel_create.c",
        "src/core/surface/client.c",
        "src/core/surface/completion_queue.c",
        "src/core/surface/event_string.c",
        "src/core/surface/init.c",
        "src/core/surface/lame_client.c",
        "src/core/surface/metadata_array.c",
        "src/core/surface/server.c",
        "src/core/surface/server_chttp2.c",
        "src/core/surface/server_create.c",
        "src/core/surface/surface_trace.c",
        "src/core/transport/chttp2/alpn.c",
        "src/core/transport/chttp2/bin_encoder.c",
        "src/core/transport/chttp2/frame_data.c",
        "src/core/transport/chttp2/frame_goaway.c",
        "src/core/transport/chttp2/frame_ping.c",
        "src/core/transport/chttp2/frame_rst_stream.c",
        "src/core/transport/chttp2/frame_settings.c",
        "src/core/transport/chttp2/frame_window_update.c",
        "src/core/transport/chttp2/hpack_parser.c",
        "src/core/transport/chttp2/hpack_table.c",
        "src/core/transport/chttp2/huffsyms.c",
        "src/core/transport/chttp2/status_conversion.c",
        "src/core/transport/chttp2/stream_encoder.c",
        "src/core/transport/chttp2/stream_map.c",
        "src/core/transport/chttp2/timeout_encoding.c",
        "src/core/transport/chttp2/varint.c",
        "src/core/transport/chttp2_transport.c",
        "src/core/transport/metadata.c",
        "src/core/transport/stream_op.c",
        "src/core/transport/transport.c"
      ]
    }
  ],
  "libs": [
    {
      "name": "gpr",
      "build": "all",
      "language": "c",
      "public_headers": [
        "include/grpc/support/alloc.h",
        "include/grpc/support/atm.h",
        "include/grpc/support/atm_gcc_atomic.h",
        "include/grpc/support/atm_gcc_sync.h",
        "include/grpc/support/atm_win32.h",
        "include/grpc/support/cancellable_platform.h",
        "include/grpc/support/cmdline.h",
        "include/grpc/support/histogram.h",
        "include/grpc/support/host_port.h",
        "include/grpc/support/log.h",
        "include/grpc/support/log_win32.h",
        "include/grpc/support/port_platform.h",
        "include/grpc/support/slice.h",
        "include/grpc/support/slice_buffer.h",
        "include/grpc/support/sync.h",
        "include/grpc/support/sync_generic.h",
        "include/grpc/support/sync_posix.h",
        "include/grpc/support/sync_win32.h",
        "include/grpc/support/thd.h",
        "include/grpc/support/time.h",
        "include/grpc/support/useful.h"
      ],
      "headers": [
        "src/core/support/env.h",
        "src/core/support/file.h",
        "src/core/support/murmur_hash.h",
        "src/core/support/string.h",
        "src/core/support/string_win32.h",
        "src/core/support/thd_internal.h"
      ],
      "src": [
        "src/core/support/alloc.c",
        "src/core/support/cancellable.c",
        "src/core/support/cmdline.c",
        "src/core/support/cpu_linux.c",
        "src/core/support/cpu_posix.c",
        "src/core/support/cpu_windows.c",
        "src/core/support/env_linux.c",
        "src/core/support/env_posix.c",
        "src/core/support/env_win32.c",
        "src/core/support/file.c",
        "src/core/support/file_posix.c",
        "src/core/support/file_win32.c",
        "src/core/support/histogram.c",
        "src/core/support/host_port.c",
        "src/core/support/log.c",
        "src/core/support/log_android.c",
        "src/core/support/log_linux.c",
        "src/core/support/log_posix.c",
        "src/core/support/log_win32.c",
        "src/core/support/murmur_hash.c",
        "src/core/support/slice.c",
        "src/core/support/slice_buffer.c",
        "src/core/support/string.c",
        "src/core/support/string_posix.c",
        "src/core/support/string_win32.c",
        "src/core/support/sync.c",
        "src/core/support/sync_posix.c",
        "src/core/support/sync_win32.c",
        "src/core/support/thd_posix.c",
        "src/core/support/thd_win32.c",
        "src/core/support/time.c",
        "src/core/support/time_posix.c",
        "src/core/support/time_win32.c"
      ],
      "secure": "no",
      "vs_project_guid": "{B23D3D1A-9438-4EDA-BEB6-9A0A03D17792}"
    },
    {
      "name": "gpr_test_util",
      "build": "private",
      "language": "c",
      "src": [
        "test/core/util/test_config.c"
      ],
      "deps": [
        "gpr"
      ],
      "vs_project_guid": "{EAB0A629-17A9-44DB-B5FF-E91A721FE037}"
    },
    {
      "name": "grpc",
      "build": "all",
      "language": "c",
      "public_headers": [
        "include/grpc/grpc_security.h"
      ],
      "headers": [
        "src/core/httpcli/format_request.h",
        "src/core/httpcli/httpcli.h",
        "src/core/httpcli/httpcli_security_context.h",
        "src/core/httpcli/parser.h",
        "src/core/security/auth.h",
        "src/core/security/base64.h",
        "src/core/security/credentials.h",
        "src/core/security/json_token.h",
        "src/core/security/secure_transport_setup.h",
        "src/core/security/security_context.h",
        "src/core/tsi/fake_transport_security.h",
        "src/core/tsi/ssl_transport_security.h",
        "src/core/tsi/transport_security.h",
        "src/core/tsi/transport_security_interface.h"
      ],
      "src": [
        "src/core/httpcli/format_request.c",
        "src/core/httpcli/httpcli.c",
        "src/core/httpcli/httpcli_security_context.c",
        "src/core/httpcli/parser.c",
        "src/core/security/auth.c",
        "src/core/security/base64.c",
        "src/core/security/credentials.c",
        "src/core/security/credentials_posix.c",
        "src/core/security/credentials_win32.c",
        "src/core/security/factories.c",
        "src/core/security/google_default_credentials.c",
        "src/core/security/json_token.c",
        "src/core/security/secure_endpoint.c",
        "src/core/security/secure_transport_setup.c",
        "src/core/security/security_context.c",
        "src/core/security/server_secure_chttp2.c",
        "src/core/surface/init_secure.c",
        "src/core/surface/secure_channel_create.c",
        "src/core/tsi/fake_transport_security.c",
        "src/core/tsi/ssl_transport_security.c",
        "src/core/tsi/transport_security.c"
      ],
      "deps": [
        "gpr"
      ],
      "baselib": true,
      "filegroups": [
        "grpc_base"
      ],
      "secure": "yes",
      "vs_project_guid": "{29D16885-7228-4C31-81ED-5F9187C7F2A9}"
    },
    {
      "name": "grpc_test_util",
      "build": "private",
      "language": "c",
      "src": [
        "test/core/end2end/cq_verifier.c",
        "test/core/end2end/data/server1_cert.c",
        "test/core/end2end/data/server1_key.c",
        "test/core/end2end/data/test_root_cert.c",
        "test/core/iomgr/endpoint_tests.c",
        "test/core/statistics/census_log_tests.c",
        "test/core/transport/transport_end2end_tests.c",
        "test/core/util/grpc_profiler.c",
        "test/core/util/parse_hexstring.c",
        "test/core/util/port_posix.c",
        "test/core/util/slice_splitter.c"
      ],
      "deps": [
        "gpr",
        "grpc"
      ],
      "vs_project_guid": "{17BCAFC0-5FDC-4C94-AEB9-95F3E220614B}"
    },
    {
      "name": "grpc_unsecure",
      "build": "all",
      "language": "c",
      "src": [
        "src/core/surface/init_unsecure.c"
      ],
      "deps": [
        "gpr"
      ],
      "baselib": true,
      "filegroups": [
        "grpc_base"
      ],
      "secure": "no",
      "vs_project_guid": "{46CEDFFF-9692-456A-AA24-38B5D6BCF4C5}"
    },
    {
      "name": "grpc++",
      "build": "all",
      "language": "c++",
      "src": [
        "src/cpp/client/secure_credentials.cc",
        "src/cpp/server/secure_server_credentials.cc"
      ],
      "deps": [
        "gpr",
        "grpc"
      ],
      "baselib": true,
      "filegroups": [
        "grpc++_base"
      ],
      "secure": "check",
      "vs_project_guid": "{C187A093-A0FE-489D-A40A-6E33DE0F9FEB}"
    },
    {
      "name": "grpc++_test_util",
      "build": "private",
      "language": "c++",
      "src": [
        "test/cpp/util/messages.proto",
        "test/cpp/util/echo.proto",
        "test/cpp/util/echo_duplicate.proto",
        "test/cpp/util/create_test_channel.cc"
      ]
    },
    {
      "name": "grpc++_unsecure",
      "build": "all",
      "language": "c++",
      "deps": [
        "gpr",
        "grpc_unsecure"
      ],
      "baselib": true,
      "filegroups": [
        "grpc++_base"
      ],
      "secure": "no"
    },
    {
      "name": "pubsub_client_lib",
      "build": "private",
      "language": "c++",
      "src": [
        "examples/pubsub/label.proto",
        "examples/pubsub/empty.proto",
        "examples/pubsub/pubsub.proto",
        "examples/pubsub/publisher.cc",
        "examples/pubsub/subscriber.cc"
      ],
      "deps": [
        "grpc++",
        "grpc",
        "gpr"
      ]
    },
    {
      "name": "qps",
      "build": "private",
      "language": "c++",
      "headers": [
        "test/cpp/qps/driver.h",
        "test/cpp/qps/timer.h"
      ],
      "src": [
        "test/cpp/qps/qpstest.proto",
        "test/cpp/qps/driver.cc",
        "test/cpp/qps/timer.cc"
      ]
    },
    {
      "name": "grpc_csharp_ext",
      "build": "all",
      "language": "csharp",
      "src": [
        "src/csharp/ext/grpc_csharp_ext.c"
      ],
      "deps": [
        "gpr",
        "grpc"
      ],
      "vs_project_guid": "{D64C6D63-4458-4A88-AB38-35678384A7E4}"
    }
  ],
  "targets": [
    {
      "name": "alarm_heap_test",
      "build": "test",
      "language": "c",
      "src": [
        "test/core/iomgr/alarm_heap_test.c"
      ],
      "deps": [
        "grpc_test_util",
        "grpc",
        "gpr_test_util",
        "gpr"
      ]
    },
    {
      "name": "alarm_list_test",
      "build": "test",
      "language": "c",
      "src": [
        "test/core/iomgr/alarm_list_test.c"
      ],
      "deps": [
        "grpc_test_util",
        "grpc",
        "gpr_test_util",
        "gpr"
      ]
    },
    {
      "name": "alarm_test",
      "build": "test",
      "language": "c",
      "src": [
        "test/core/iomgr/alarm_test.c"
      ],
      "deps": [
        "grpc_test_util",
        "grpc",
        "gpr_test_util",
        "gpr"
      ]
    },
    {
      "name": "alpn_test",
      "build": "test",
      "language": "c",
      "src": [
        "test/core/transport/chttp2/alpn_test.c"
      ],
      "deps": [
        "grpc_test_util",
        "grpc",
        "gpr_test_util",
        "gpr"
      ]
    },
    {
      "name": "bin_encoder_test",
      "build": "test",
      "language": "c",
      "src": [
        "test/core/transport/chttp2/bin_encoder_test.c"
      ],
      "deps": [
        "grpc_test_util",
        "grpc",
        "gpr_test_util",
        "gpr"
      ]
    },
    {
      "name": "census_hash_table_test",
      "build": "test",
      "language": "c",
      "src": [
        "test/core/statistics/hash_table_test.c"
      ],
      "deps": [
        "grpc_test_util",
        "grpc",
        "gpr_test_util",
        "gpr"
      ]
    },
    {
      "name": "census_statistics_multiple_writers_circular_buffer_test",
      "flaky": true,
      "build": "test",
      "language": "c",
      "src": [
        "test/core/statistics/multiple_writers_circular_buffer_test.c"
      ],
      "deps": [
        "grpc_test_util",
        "grpc",
        "gpr_test_util",
        "gpr"
      ]
    },
    {
      "name": "census_statistics_multiple_writers_test",
      "build": "test",
      "language": "c",
      "src": [
        "test/core/statistics/multiple_writers_test.c"
      ],
      "deps": [
        "grpc_test_util",
        "grpc",
        "gpr_test_util",
        "gpr"
      ]
    },
    {
      "name": "census_statistics_performance_test",
      "build": "test",
      "language": "c",
      "src": [
        "test/core/statistics/performance_test.c"
      ],
      "deps": [
        "grpc_test_util",
        "grpc",
        "gpr_test_util",
        "gpr"
      ]
    },
    {
      "name": "census_statistics_quick_test",
      "build": "test",
      "language": "c",
      "src": [
        "test/core/statistics/quick_test.c"
      ],
      "deps": [
        "grpc_test_util",
        "grpc",
        "gpr_test_util",
        "gpr"
      ]
    },
    {
      "name": "census_statistics_small_log_test",
      "flaky": true,
      "build": "test",
      "language": "c",
      "src": [
        "test/core/statistics/small_log_test.c"
      ],
      "deps": [
        "grpc_test_util",
        "grpc",
        "gpr_test_util",
        "gpr"
      ]
    },
    {
      "name": "census_stats_store_test",
      "build": "executable",
      "language": "c",
      "src": [
        "test/core/statistics/rpc_stats_test.c"
      ],
      "deps": [
        "grpc_test_util",
        "grpc",
        "gpr_test_util",
        "gpr"
      ]
    },
    {
      "name": "census_stub_test",
      "build": "test",
      "language": "c",
      "src": [
        "test/core/statistics/census_stub_test.c"
      ],
      "deps": [
        "grpc_test_util",
        "grpc",
        "gpr_test_util",
        "gpr"
      ]
    },
    {
      "name": "census_trace_store_test",
      "build": "executable",
      "language": "c",
      "src": [
        "test/core/statistics/trace_test.c"
      ],
      "deps": [
        "grpc_test_util",
        "grpc",
        "gpr_test_util",
        "gpr"
      ]
    },
    {
      "name": "census_window_stats_test",
      "build": "test",
      "language": "c",
      "src": [
        "test/core/statistics/window_stats_test.c"
      ],
      "deps": [
        "grpc_test_util",
        "grpc",
        "gpr_test_util",
        "gpr"
      ]
    },
    {
      "name": "chttp2_status_conversion_test",
      "build": "test",
      "language": "c",
      "src": [
        "test/core/transport/chttp2/status_conversion_test.c"
      ],
      "deps": [
        "grpc_test_util",
        "grpc",
        "gpr_test_util",
        "gpr"
      ]
    },
    {
      "name": "chttp2_stream_encoder_test",
      "build": "test",
      "language": "c",
      "src": [
        "test/core/transport/chttp2/stream_encoder_test.c"
      ],
      "deps": [
        "grpc_test_util",
        "grpc",
        "gpr_test_util",
        "gpr"
      ]
    },
    {
      "name": "chttp2_stream_map_test",
      "build": "test",
      "language": "c",
      "src": [
        "test/core/transport/chttp2/stream_map_test.c"
      ],
      "deps": [
        "grpc_test_util",
        "grpc",
        "gpr_test_util",
        "gpr"
      ]
    },
    {
      "name": "chttp2_transport_end2end_test",
      "build": "test",
      "language": "c",
      "src": [
        "test/core/transport/chttp2_transport_end2end_test.c"
      ],
      "deps": [
        "grpc_test_util",
        "grpc",
        "gpr_test_util",
        "gpr"
      ]
    },
    {
      "name": "dualstack_socket_test",
      "build": "test",
      "language": "c",
      "src": [
        "test/core/end2end/dualstack_socket_test.c"
      ],
      "deps": [
        "grpc_test_util",
        "grpc",
        "gpr_test_util",
        "gpr"
      ]
    },
    {
      "name": "echo_client",
      "build": "test",
      "run": false,
      "language": "c",
      "src": [
        "test/core/echo/client.c"
      ],
      "deps": [
        "grpc_test_util",
        "grpc",
        "gpr_test_util",
        "gpr"
      ]
    },
    {
      "name": "echo_server",
      "build": "test",
      "run": false,
      "language": "c",
      "src": [
        "test/core/echo/server.c"
      ],
      "deps": [
        "grpc_test_util",
        "grpc",
        "gpr_test_util",
        "gpr"
      ]
    },
    {
      "name": "echo_test",
      "build": "test",
      "language": "c",
      "src": [
        "test/core/echo/echo_test.c"
      ],
      "deps": [
        "grpc_test_util",
        "grpc",
        "gpr_test_util",
        "gpr"
      ]
    },
    {
      "name": "fd_posix_test",
      "build": "test",
      "language": "c",
      "src": [
        "test/core/iomgr/fd_posix_test.c"
      ],
      "deps": [
        "grpc_test_util",
        "grpc",
        "gpr_test_util",
        "gpr"
      ]
    },
    {
      "name": "fling_client",
      "build": "test",
      "run": false,
      "language": "c",
      "src": [
        "test/core/fling/client.c"
      ],
      "deps": [
        "grpc_test_util",
        "grpc",
        "gpr_test_util",
        "gpr"
      ]
    },
    {
      "name": "fling_server",
      "build": "test",
      "run": false,
      "language": "c",
      "src": [
        "test/core/fling/server.c"
      ],
      "deps": [
        "grpc_test_util",
        "grpc",
        "gpr_test_util",
        "gpr"
      ]
    },
    {
      "name": "fling_stream_test",
      "build": "test",
      "language": "c",
      "src": [
        "test/core/fling/fling_stream_test.c"
      ],
      "deps": [
        "grpc_test_util",
        "grpc",
        "gpr_test_util",
        "gpr"
      ]
    },
    {
      "name": "fling_test",
      "build": "test",
      "language": "c",
      "src": [
        "test/core/fling/fling_test.c"
      ],
      "deps": [
        "grpc_test_util",
        "grpc",
        "gpr_test_util",
        "gpr"
      ]
    },
    {
      "name": "gen_hpack_tables",
      "build": "tool",
      "language": "c",
      "src": [
        "src/core/transport/chttp2/gen_hpack_tables.c"
      ],
      "deps": [
        "grpc_test_util",
        "gpr",
        "grpc"
      ]
    },
    {
      "name": "gpr_cancellable_test",
      "build": "test",
      "language": "c",
      "src": [
        "test/core/support/cancellable_test.c"
      ],
      "deps": [
        "gpr_test_util",
        "gpr"
      ]
    },
    {
      "name": "gpr_cmdline_test",
      "build": "test",
      "language": "c",
      "src": [
        "test/core/support/cmdline_test.c"
      ],
      "deps": [
        "gpr_test_util",
        "gpr"
      ]
    },
    {
      "name": "gpr_env_test",
      "build": "test",
      "language": "c",
      "src": [
        "test/core/support/env_test.c"
      ],
      "deps": [
        "gpr_test_util",
        "gpr"
      ]
    },
    {
      "name": "gpr_file_test",
      "build": "test",
      "language": "c",
      "src": [
        "test/core/support/file_test.c"
      ],
      "deps": [
        "gpr_test_util",
        "gpr"
      ]
    },
    {
      "name": "gpr_histogram_test",
      "build": "test",
      "language": "c",
      "src": [
        "test/core/support/histogram_test.c"
      ],
      "deps": [
        "gpr_test_util",
        "gpr"
      ]
    },
    {
      "name": "gpr_host_port_test",
      "build": "test",
      "language": "c",
      "src": [
        "test/core/support/host_port_test.c"
      ],
      "deps": [
        "gpr_test_util",
        "gpr"
      ]
    },
    {
      "name": "gpr_log_test",
      "build": "test",
      "language": "c",
      "src": [
        "test/core/support/log_test.c"
      ],
      "deps": [
        "gpr_test_util",
        "gpr"
      ]
    },
    {
      "name": "gpr_slice_buffer_test",
      "build": "test",
      "language": "c",
      "src": [
        "test/core/support/slice_buffer_test.c"
      ],
      "deps": [
        "gpr_test_util",
        "gpr"
      ]
    },
    {
      "name": "gpr_slice_test",
      "build": "test",
      "language": "c",
      "src": [
        "test/core/support/slice_test.c"
      ],
      "deps": [
        "gpr_test_util",
        "gpr"
      ]
    },
    {
      "name": "gpr_string_test",
      "build": "test",
      "language": "c",
      "src": [
        "test/core/support/string_test.c"
      ],
      "deps": [
        "gpr_test_util",
        "gpr"
      ]
    },
    {
      "name": "gpr_sync_test",
      "build": "test",
      "language": "c",
      "src": [
        "test/core/support/sync_test.c"
      ],
      "deps": [
        "gpr_test_util",
        "gpr"
      ]
    },
    {
      "name": "gpr_thd_test",
      "build": "test",
      "language": "c",
      "src": [
        "test/core/support/thd_test.c"
      ],
      "deps": [
        "gpr_test_util",
        "gpr"
      ]
    },
    {
      "name": "gpr_time_test",
      "build": "test",
      "language": "c",
      "src": [
        "test/core/support/time_test.c"
      ],
      "deps": [
        "gpr_test_util",
        "gpr"
      ]
    },
    {
      "name": "gpr_useful_test",
      "build": "test",
      "language": "c",
      "src": [
        "test/core/support/useful_test.c"
      ],
      "deps": [
        "gpr_test_util",
        "gpr"
      ]
    },
    {
      "name": "grpc_base64_test",
      "build": "test",
      "language": "c",
      "src": [
        "test/core/security/base64_test.c"
      ],
      "deps": [
        "grpc_test_util",
        "grpc",
        "gpr_test_util",
        "gpr"
      ]
    },
    {
      "name": "grpc_byte_buffer_reader_test",
      "build": "test",
      "language": "c",
      "src": [
        "test/core/surface/byte_buffer_reader_test.c"
      ],
      "deps": [
        "grpc_test_util",
        "grpc",
        "gpr_test_util",
        "gpr"
      ]
    },
    {
      "name": "grpc_channel_stack_test",
      "build": "test",
      "language": "c",
      "src": [
        "test/core/channel/channel_stack_test.c"
      ],
      "deps": [
        "grpc_test_util",
        "grpc",
        "gpr_test_util",
        "gpr"
      ]
    },
    {
      "name": "grpc_completion_queue_benchmark",
      "build": "benchmark",
      "language": "c",
      "src": [
        "test/core/surface/completion_queue_benchmark.c"
      ],
      "deps": [
        "grpc_test_util",
        "grpc",
        "gpr_test_util",
        "gpr"
      ]
    },
    {
      "name": "grpc_completion_queue_test",
      "build": "test",
      "language": "c",
      "src": [
        "test/core/surface/completion_queue_test.c"
      ],
      "deps": [
        "grpc_test_util",
        "grpc",
        "gpr_test_util",
        "gpr"
      ]
    },
    {
      "name": "grpc_create_jwt",
      "build": "tool",
      "language": "c",
      "src": [
        "test/core/security/create_jwt.c"
      ],
      "deps": [
        "grpc_test_util",
        "grpc",
        "gpr_test_util",
        "gpr"
      ]
    },
    {
      "name": "grpc_credentials_test",
      "build": "test",
      "language": "c",
      "src": [
        "test/core/security/credentials_test.c"
      ],
      "deps": [
        "grpc_test_util",
        "grpc",
        "gpr_test_util",
        "gpr"
      ]
    },
    {
      "name": "grpc_fetch_oauth2",
      "build": "tool",
      "language": "c",
      "src": [
        "test/core/security/fetch_oauth2.c"
      ],
      "deps": [
        "grpc_test_util",
        "grpc",
        "gpr_test_util",
        "gpr"
      ]
    },
    {
      "name": "grpc_json_token_test",
      "build": "test",
      "language": "c",
      "src": [
        "test/core/security/json_token_test.c"
      ],
      "deps": [
        "grpc_test_util",
        "grpc",
        "gpr_test_util",
        "gpr"
      ]
    },
    {
      "name": "grpc_print_google_default_creds_token",
      "build": "tool",
      "language": "c",
      "src": [
        "test/core/security/print_google_default_creds_token.c"
      ],
      "deps": [
        "grpc_test_util",
        "grpc",
        "gpr_test_util",
        "gpr"
      ]
    },
    {
      "name": "grpc_stream_op_test",
      "build": "test",
      "language": "c",
      "src": [
        "test/core/transport/stream_op_test.c"
      ],
      "deps": [
        "grpc_test_util",
        "grpc",
        "gpr_test_util",
        "gpr"
      ]
    },
    {
      "name": "hpack_parser_test",
      "build": "test",
      "language": "c",
      "src": [
        "test/core/transport/chttp2/hpack_parser_test.c"
      ],
      "deps": [
        "grpc_test_util",
        "grpc",
        "gpr_test_util",
        "gpr"
      ]
    },
    {
      "name": "hpack_table_test",
      "build": "test",
      "language": "c",
      "src": [
        "test/core/transport/chttp2/hpack_table_test.c"
      ],
      "deps": [
        "grpc_test_util",
        "grpc",
        "gpr_test_util",
        "gpr"
      ]
    },
    {
      "name": "httpcli_format_request_test",
      "build": "test",
      "language": "c",
      "src": [
        "test/core/httpcli/format_request_test.c"
      ],
      "deps": [
        "grpc_test_util",
        "grpc",
        "gpr_test_util",
        "gpr"
      ]
    },
    {
      "name": "httpcli_parser_test",
      "build": "test",
      "language": "c",
      "src": [
        "test/core/httpcli/parser_test.c"
      ],
      "deps": [
        "grpc_test_util",
        "grpc",
        "gpr_test_util",
        "gpr"
      ]
    },
    {
      "name": "httpcli_test",
      "build": "test",
      "run": false,
      "language": "c",
      "src": [
        "test/core/httpcli/httpcli_test.c"
      ],
      "deps": [
        "grpc_test_util",
        "grpc",
        "gpr_test_util",
        "gpr"
      ]
    },
    {
      "name": "json_rewrite",
      "build": "test",
      "run": false,
      "language": "c",
      "src": [
        "test/core/json/json_rewrite.c"
      ],
      "deps": [
        "grpc",
        "gpr"
      ]
    },
    {
      "name": "json_rewrite_test",
      "build": "test",
      "language": "c",
      "src": [
        "test/core/json/json_rewrite_test.c"
      ],
      "deps": [
        "grpc_test_util",
        "grpc",
        "gpr_test_util",
        "gpr"
      ]
    },
    {
      "name": "json_test",
      "build": "test",
      "language": "c",
      "src": [
        "test/core/json/json_test.c"
      ],
      "deps": [
        "grpc_test_util",
        "grpc",
        "gpr_test_util",
        "gpr"
      ]
    },
    {
      "name": "lame_client_test",
      "build": "test",
      "language": "c",
      "src": [
        "test/core/surface/lame_client_test.c"
      ],
      "deps": [
        "grpc_test_util",
        "grpc",
        "gpr_test_util",
        "gpr"
      ]
    },
    {
      "name": "low_level_ping_pong_benchmark",
      "build": "benchmark",
      "language": "c",
      "src": [
        "test/core/network_benchmarks/low_level_ping_pong.c"
      ],
      "deps": [
        "grpc_test_util",
        "grpc",
        "gpr_test_util",
        "gpr"
      ]
    },
    {
      "name": "message_compress_test",
      "build": "test",
      "language": "c",
      "src": [
        "test/core/compression/message_compress_test.c"
      ],
      "deps": [
        "grpc_test_util",
        "grpc",
        "gpr_test_util",
        "gpr"
      ]
    },
    {
      "name": "metadata_buffer_test",
      "build": "test",
      "language": "c",
      "src": [
        "test/core/channel/metadata_buffer_test.c"
      ],
      "deps": [
        "grpc_test_util",
        "grpc",
        "gpr_test_util",
        "gpr"
      ]
    },
    {
      "name": "multi_init_test",
      "build": "test",
      "language": "c",
      "src": [
        "test/core/surface/multi_init_test.c"
      ],
      "deps": [
        "grpc_test_util",
        "grpc",
        "gpr_test_util",
        "gpr"
      ]
    },
    {
      "name": "murmur_hash_test",
      "build": "test",
      "language": "c",
      "src": [
        "test/core/support/murmur_hash_test.c"
      ],
      "deps": [
        "gpr_test_util",
        "gpr"
      ]
    },
    {
      "name": "no_server_test",
      "build": "test",
      "language": "c",
      "src": [
        "test/core/end2end/no_server_test.c"
      ],
      "deps": [
        "grpc_test_util",
        "grpc",
        "gpr_test_util",
        "gpr"
      ]
    },
    {
      "name": "poll_kick_posix_test",
      "build": "test",
      "language": "c",
      "src": [
        "test/core/iomgr/poll_kick_posix_test.c"
      ],
      "deps": [
        "grpc_test_util",
        "grpc",
        "gpr_test_util",
        "gpr"
      ]
    },
    {
      "name": "resolve_address_test",
      "build": "test",
      "language": "c",
      "src": [
        "test/core/iomgr/resolve_address_test.c"
      ],
      "deps": [
        "grpc_test_util",
        "grpc",
        "gpr_test_util",
        "gpr"
      ]
    },
    {
      "name": "secure_endpoint_test",
      "build": "test",
      "language": "c",
      "src": [
        "test/core/security/secure_endpoint_test.c"
      ],
      "deps": [
        "grpc_test_util",
        "grpc",
        "gpr_test_util",
        "gpr"
      ]
    },
    {
      "name": "sockaddr_utils_test",
      "build": "test",
      "language": "c",
      "src": [
        "test/core/iomgr/sockaddr_utils_test.c"
      ],
      "deps": [
        "grpc_test_util",
        "grpc",
        "gpr_test_util",
        "gpr"
      ]
    },
    {
      "name": "tcp_client_posix_test",
      "build": "test",
      "language": "c",
      "src": [
        "test/core/iomgr/tcp_client_posix_test.c"
      ],
      "deps": [
        "grpc_test_util",
        "grpc",
        "gpr_test_util",
        "gpr"
      ]
    },
    {
      "name": "tcp_posix_test",
      "build": "test",
      "language": "c",
      "src": [
        "test/core/iomgr/tcp_posix_test.c"
      ],
      "deps": [
        "grpc_test_util",
        "grpc",
        "gpr_test_util",
        "gpr"
      ]
    },
    {
      "name": "tcp_server_posix_test",
      "build": "test",
      "language": "c",
      "src": [
        "test/core/iomgr/tcp_server_posix_test.c"
      ],
      "deps": [
        "grpc_test_util",
        "grpc",
        "gpr_test_util",
        "gpr"
      ]
    },
    {
      "name": "time_averaged_stats_test",
      "build": "test",
      "language": "c",
      "src": [
        "test/core/iomgr/time_averaged_stats_test.c"
      ],
      "deps": [
        "grpc_test_util",
        "grpc",
        "gpr_test_util",
        "gpr"
      ]
    },
    {
      "name": "time_test",
      "build": "test",
      "language": "c",
      "src": [
        "test/core/support/time_test.c"
      ],
      "deps": [
        "grpc_test_util",
        "grpc",
        "gpr_test_util",
        "gpr"
      ]
    },
    {
      "name": "timeout_encoding_test",
      "build": "test",
      "language": "c",
      "src": [
        "test/core/transport/chttp2/timeout_encoding_test.c"
      ],
      "deps": [
        "grpc_test_util",
        "grpc",
        "gpr_test_util",
        "gpr"
      ]
    },
    {
      "name": "transport_metadata_test",
      "build": "test",
      "language": "c",
      "src": [
        "test/core/transport/metadata_test.c"
      ],
      "deps": [
        "grpc_test_util",
        "grpc",
        "gpr_test_util",
        "gpr"
      ]
    },
    {
      "name": "transport_security_test",
      "build": "test",
      "language": "c",
      "src": [
        "test/core/tsi/transport_security_test.c"
      ],
      "deps": [
        "grpc_test_util",
        "grpc",
        "gpr_test_util",
        "gpr"
      ]
    },
    {
      "name": "async_end2end_test",
      "build": "test",
      "language": "c++",
      "src": [
        "test/cpp/end2end/async_end2end_test.cc"
      ],
      "deps": [
        "grpc++_test_util",
        "grpc_test_util",
        "grpc++",
        "grpc",
        "gpr_test_util",
        "gpr"
      ]
    },
    {
      "name": "channel_arguments_test",
      "build": "test",
      "language": "c++",
      "src": [
        "test/cpp/client/channel_arguments_test.cc"
      ],
      "deps": [
        "grpc++",
        "grpc",
        "gpr"
      ]
    },
    {
      "name": "credentials_test",
      "build": "test",
      "language": "c++",
      "src": [
        "test/cpp/client/credentials_test.cc"
      ],
      "deps": [
        "grpc++",
        "grpc",
        "gpr"
      ]
    },
    {
      "name": "end2end_test",
      "build": "test",
      "language": "c++",
      "src": [
        "test/cpp/end2end/end2end_test.cc"
      ],
      "deps": [
        "grpc++_test_util",
        "grpc_test_util",
        "grpc++",
        "grpc",
        "gpr_test_util",
        "gpr"
      ]
    },
    {
      "name": "generic_end2end_test",
      "build": "test",
      "language": "c++",
      "src": [
        "test/cpp/end2end/generic_end2end_test.cc"
      ],
      "deps": [
        "grpc++_test_util",
        "grpc_test_util",
        "grpc++",
        "grpc",
        "gpr_test_util",
        "gpr"
      ]
    },
    {
      "name": "grpc_cpp_plugin",
      "build": "protoc",
      "language": "c++",
      "headers": [
        "src/compiler/cpp_generator.h",
        "src/compiler/cpp_generator_helpers.h"
      ],
      "src": [
        "src/compiler/cpp_generator.cc",
        "src/compiler/cpp_plugin.cc"
      ],
      "deps": [],
      "secure": "no"
    },
    {
      "name": "grpc_python_plugin",
      "build": "protoc",
      "language": "c++",
      "headers": [
        "src/compiler/python_generator.h"
      ],
      "src": [
        "src/compiler/python_generator.cc",
        "src/compiler/python_plugin.cc"
      ],
      "deps": [],
      "secure": "no"
    },
    {
      "name": "grpc_ruby_plugin",
      "build": "protoc",
      "language": "c++",
      "src": [
        "src/compiler/ruby_generator.cc",
        "src/compiler/ruby_plugin.cc"
      ],
      "deps": [],
      "secure": "no"
    },
    {
      "name": "interop_client",
      "build": "test",
      "run": false,
      "language": "c++",
      "src": [
        "test/cpp/interop/empty.proto",
        "test/cpp/interop/messages.proto",
        "test/cpp/interop/test.proto",
        "test/cpp/interop/client.cc"
      ],
      "deps": [
        "grpc++_test_util",
        "grpc_test_util",
        "grpc++",
        "grpc",
        "gpr_test_util",
        "gpr"
      ]
    },
    {
      "name": "interop_server",
      "build": "test",
      "run": false,
      "language": "c++",
      "src": [
        "test/cpp/interop/empty.proto",
        "test/cpp/interop/messages.proto",
        "test/cpp/interop/test.proto",
        "test/cpp/interop/server.cc"
      ],
      "deps": [
        "grpc++_test_util",
        "grpc_test_util",
        "grpc++",
        "grpc",
        "gpr_test_util",
        "gpr"
      ]
    },
    {
      "name": "interop_test",
      "build": "test",
      "language": "c++",
      "src": [
        "test/cpp/interop/interop_test.cc"
      ],
      "deps": [
        "grpc_test_util",
        "grpc",
        "gpr_test_util",
        "gpr"
      ]
    },
    {
      "name": "pubsub_client",
      "build": "test",
      "run": false,
      "language": "c++",
      "src": [
        "examples/pubsub/main.cc"
      ],
      "deps": [
        "pubsub_client_lib",
        "grpc_test_util",
        "grpc++",
        "grpc",
        "gpr_test_util",
        "gpr"
      ]
    },
    {
      "name": "pubsub_publisher_test",
      "build": "test",
      "language": "c++",
      "src": [
        "examples/pubsub/publisher_test.cc"
      ],
      "deps": [
        "pubsub_client_lib",
        "grpc++_test_util",
        "grpc_test_util",
        "grpc++",
        "grpc",
        "gpr_test_util",
        "gpr"
      ]
    },
    {
      "name": "pubsub_subscriber_test",
      "build": "test",
      "language": "c++",
      "src": [
        "examples/pubsub/subscriber_test.cc"
      ],
      "deps": [
        "pubsub_client_lib",
        "grpc++_test_util",
        "grpc_test_util",
        "grpc++",
        "grpc",
        "gpr_test_util",
        "gpr"
      ]
    },
    {
      "name": "qps_driver",
      "build": "test",
      "run": false,
      "language": "c++",
      "src": [
        "test/cpp/qps/qps_driver.cc"
      ],
      "deps": [
        "qps",
        "grpc++_test_util",
        "grpc_test_util",
        "grpc++",
        "grpc",
        "gpr_test_util",
        "gpr"
      ]
    },
    {
      "name": "qps_worker",
      "build": "test",
      "run": false,
      "language": "c++",
      "headers": [
        "test/cpp/qps/client.h",
        "test/cpp/qps/server.h"
      ],
      "src": [
        "test/cpp/qps/client_async.cc",
        "test/cpp/qps/client_sync.cc",
        "test/cpp/qps/server_async.cc",
        "test/cpp/qps/server_sync.cc",
        "test/cpp/qps/worker.cc"
      ],
      "deps": [
        "qps",
        "grpc++_test_util",
        "grpc_test_util",
        "grpc++",
        "grpc",
        "gpr_test_util",
        "gpr"
      ]
    },
    {
      "name": "status_test",
      "build": "test",
      "language": "c++",
      "src": [
        "test/cpp/util/status_test.cc"
      ],
      "deps": [
        "grpc_test_util",
        "grpc++",
        "grpc",
        "gpr_test_util",
        "gpr"
      ]
    },
    {
      "name": "thread_pool_test",
      "build": "test",
      "language": "c++",
      "src": [
        "test/cpp/server/thread_pool_test.cc"
      ],
      "deps": [
        "grpc_test_util",
        "grpc++",
        "grpc",
        "gpr_test_util",
        "gpr"
      ]
    }
  ]
}
